director,genre,gross,name,rating,runtime,score,star,votes,writer
Rob Reiner,Adventure,52287414,Stand by Me,R,89,8.1,Wil Wheaton,299174,Stephen King
John Hughes,Comedy,70136369,Ferris Bueller's Day Off,PG-13,103,7.8,Matthew Broderick,264740,John Hughes
Tony Scott,Action,179800601,Top Gun,PG,110,6.9,Tom Cruise,236909,Jim Cash
James Cameron,Action,85160248,Aliens,R,137,8.4,Sigourney Weaver,540152,James Cameron
Randal Kleiser,Adventure,18564613,Flight of the Navigator,PG,90,6.9,Joey Cramer,36636,Mark H. Baker
Oliver Stone,Drama,138530565,Platoon,R,120,8.1,Charlie Sheen,317585,Oliver Stone
Jim Henson,Adventure,12729917,Labyrinth,PG,101,7.4,David Bowie,102879,Dennis Lee
David Lynch,Drama,8551228,Blue Velvet,R,120,7.8,Isabella Rossellini,146768,David Lynch
Howard Deutch,Comedy,40471663,Pretty in Pink,PG-13,96,6.8,Molly Ringwald,60565,John Hughes
David Cronenberg,Drama,40456565,The Fly,R,96,7.5,Jeff Goldblum,129698,George Langelaan
Peter Faiman,Adventure,174635000,Crocodile Dundee,PG-13,97,6.5,Paul Hogan,79465,Ken Shadie
Russell Mulcahy,Action,5900000,Highlander,R,116,7.2,Christopher Lambert,104860,Gregory Widen
David Seltzer,Comedy,8200000,Lucas,PG-13,100,6.8,Corey Haim,12228,David Seltzer
John Carpenter,Action,11100000,Big Trouble in Little China,PG-13,99,7.3,Kurt Russell,101678,Gary Goldman
Michael Mann,Crime,8620929,Manhunter,R,120,7.2,William Petersen,54000,Thomas Harris
Adrian Lyne,Drama,6734844,9½ Weeks,R,117,5.9,Mickey Rourke,31798,Elizabeth McNeill
Stephen King,Action,7433663,Maximum Overdrive,R,98,5.4,Emilio Estevez,24881,Stephen King
Frank Oz,Comedy,38747385,Little Shop of Horrors,PG-13,94,6.9,Rick Moranis,53327,Howard Ashman
Mike Marvin,Action,3500000,The Wraith,PG-13,93,5.9,Charlie Sheen,11635,Mike Marvin
Willard Huyck,Action,16295774,Howard the Duck,PG,110,4.6,Lea Thompson,36020,Steve Gerber
Stephen Herek,Action,13167232,Critters,PG-13,82,6,Dee Wallace,25517,Domonic Muir
Alan Metter,Comedy,91258000,Back to School,PG-13,96,6.6,Rodney Dangerfield,23120,Rodney Dangerfield
Tobe Hooper,Comedy,8025872,The Texas Chainsaw Massacre 2,UNRATED,89,5.6,Dennis Hopper,21253,L.M. Kit Carson
Clint Eastwood,Action,42724017,Heartbreak Ridge,R,130,6.8,Clint Eastwood,32954,James Carabatsos
Leonard Nimoy,Adventure,109713132,Star Trek IV: The Voyage Home,PG,119,7.3,William Shatner,66366,Gene Roddenberry
John Badham,Comedy,40697761,Short Circuit,PG,98,6.6,Ally Sheedy,47068,S.S. Wilson
Jean-Jacques Annaud,Crime,7153487,The Name of the Rose,R,130,7.8,Sean Connery,86991,Umberto Eco
Sidney J. Furie,Action,24159872,Iron Eagle,PG-13,117,5.3,Louis Gossett Jr.,11304,Kevin Alyn Elders
Michael Ritchie,Action,79817937,The Golden Child,PG-13,94,5.9,Eddie Murphy,42997,Dennis Feldman
Tim Hunter,Crime,4600000,River's Edge,R,99,7.1,Crispin Glover,12862,Neal Jimenez
John Landis,Comedy,39246734,¡Three Amigos!,PG,104,6.4,Steve Martin,57406,Steve Martin
George P. Cosmatos,Action,49042224,Cobra,R,87,5.7,Sylvester Stallone,54851,Paula Gosling
Jean-Jacques Beineix,Drama,2003822,Betty Blue,Not specified,120,7.4,Jean-Hugues Anglade,14562,Philippe Djian
Roland Joffé,Adventure,17218023,The Mission,PG,125,7.5,Robert De Niro,47497,Robert Bolt
Martin Scorsese,Drama,52293982,The Color of Money,R,119,7,Paul Newman,62495,Walter Tevis
John G. Avildsen,Action,115103979,The Karate Kid Part II,PG,113,5.9,Pat Morita,58370,Robert Mark Kamen
Nick Castle,Drama,7177431,The Boy Who Could Fly,PG,114,6.5,Lucy Deakins,4623,Nick Castle
Robert Harmon,Thriller,5844868,The Hitcher,R,97,7.3,Rutger Hauer,36191,Eric Red
Richard Benjamin,Comedy,37499651,The Money Pit,PG,91,6.3,Tom Hanks,41278,David Giler
Tom McLoughlin,Horror,19472057,Jason Lives: Friday the 13th Part VI,R,86,5.9,Thom Mathews,28310,Tom McLoughlin
Peter Weir,Adventure,14302779,The Mosquito Coast,PG,117,6.6,Harrison Ford,23076,Paul Theroux
Don Bluth,Animation,47483002,An American Tail,G,80,6.9,Dom DeLuise,41004,Judy Freudberg
Alex Cox,Biography,2826523,Sid and Nancy,R,112,7.1,Gary Oldman,25032,Alex Cox
John Guillermin,Action,4711220,King Kong Lives,PG-13,105,3.8,Brian Kerwin,4401,Ronald Shusett
Stuart Gordon,Horror,1261000,From Beyond,R,86,6.7,Jeffrey Combs,16636,H.P. Lovecraft
Francis Ford Coppola,Comedy,41382841,Peggy Sue Got Married,PG-13,103,6.3,Kathleen Turner,28529,Jerry Leichtling
Brian Gibson,Horror,40996665,Poltergeist II: The Other Side,PG-13,91,5.7,JoBeth Williams,20669,Mark Victor
John Carl Buechler,Comedy,5450815,Troll,PG-13,82,4.3,Michael Moriarty,7569,Ed Naha
Peter Hyams,Action,38500726,Running Scared,R,107,6.5,Gregory Hines,9344,Gary DeVore
Michael Ritchie,Comedy,26285544,Wildcats,R,106,5.9,Goldie Hawn,10239,Ezra Sacks
John McNaughton,Biography,609939,Henry: Portrait of a Serial Killer,UNRATED,83,7,Michael Rooker,25367,Richard Fire
Harry Winer,Adventure,9697739,SpaceCamp,PG,107,5.6,Kate Capshaw,11484,Clifford Green
Woody Allen,Comedy,40084041,Hannah and Her Sisters,PG-13,107,8,Mia Farrow,56988,Woody Allen
Ron Clements,Animation,38600000,The Great Mouse Detective,G,74,7.2,Vincent Price,36539,Peter Young
John Irvin,Action,16209459,Raw Deal,R,106,5.5,Arnold Schwarzenegger,24851,Luciano Vincenzoni
Nelson Shin,Animation,5849647,The Transformers: The Movie,PG,84,7.3,Orson Welles,33609,Ron Friedman
Hal Needham,Drama,2015882,Rad,PG,91,7.2,Bart Conner,4039,Sam Bernard
Fred Dekker,Comedy,591366,Night of the Creeps,R,88,6.8,Jason Lively,16077,Fred Dekker
Tobe Hooper,Horror,4884663,Invaders from Mars,PG,100,5.5,Karen Black,5878,Richard Blake
Walter Hill,Drama,5839031,Crossroads,R,99,7.1,Ralph Macchio,11415,John Fusco
David Anspaugh,Drama,28607524,Hoosiers,PG,114,7.6,Gene Hackman,36604,Angelo Pizzo
Andrei Tarkovsky,Drama,300653,Sacrifice,PG,149,8.1,Erland Josephson,16571,Andrei Tarkovsky
James Foley,Crime,2347000,At Close Range,R,111,7,Sean Penn,11607,Elliott Lewitt
Peter Markle,Drama,15448384,Youngblood,R,110,6.1,Rob Lowe,10412,Peter Markle
Corey Yuen,Action,4662137,"No Retreat, No Surrender",PG,85,5.6,Kurt McKinney,12803,See-Yuen Ng
Anthony Perkins,Horror,14481606,Psicosis III,R,93,5.3,Anthony Perkins,10022,Charles Edward Pogue
Mike Nichols,Comedy,25314289,Heartburn,R,108,6.1,Meryl Streep,7570,Nora Ephron
Michael Chapman,Adventure,1953732,The Clan of the Cave Bear,R,98,5.3,Daryl Hannah,5340,Jean M. Auel
Menahem Golan,Action,17768900,The Delta Force,R,125,5.6,Chuck Norris,15819,James Bruner
Wes Craven,Drama,8988731,Deadly Friend,R,91,5.5,Matthew Labyorteaux,5419,Diana Henstell
Edward Zwick,Comedy,38702310,About Last Night...,R,113,6.2,Rob Lowe,12307,David Mamet
Steve Miner,Comedy,27820000,Soul Man,PG-13,104,5.2,C. Thomas Howell,6440,Carol Black
Savage Steve Holland,Comedy,13431806,One Crazy Summer,PG,93,6.4,John Cusack,11581,Savage Steve Holland
Charles Martin Smith,Comedy,6797218,Trick or Treat,R,98,5.8,Marc Price,4585,Rhet Topham
Ron Howard,Comedy,36611610,Gung Ho,PG-13,112,6.2,Michael Keaton,9965,Edwin Blum
Sidney Lumet,Crime,25147055,The Morning After,R,103,6,Jane Fonda,4943,James Cresson
Jerry Paris,Comedy,43579163,Police Academy 3: Back in Training,PG,83,5.2,Steve Guttenberg,35443,Neal Israel
Spike Lee,Comedy,7137502,She's Gotta Have It,R,84,6.6,Tracy Camilla Johns,5257,Spike Lee
Jim Abrahams,Comedy,71624879,Ruthless People,R,93,6.9,Bette Midler,22554,Dale Launer
Paul Michael Glaser,Action,4865912,Band of the Hand,R,109,6.3,Stephen Lang,2297,Leo Garen
John Frankenheimer,Crime,5186646,52 Pick-Up,R,110,6.4,Roy Scheider,3866,Elmore Leonard
Randa Haines,Drama,31853080,Children of a Lesser God,R,119,7.2,William Hurt,12538,Mark Medoff
Mark L. Lester,Action,15945534,Armed and Dangerous,PG-13,88,5.6,John Candy,9040,Brian Grazer
Jim Jarmusch,Comedy,1436000,Down by Law,R,107,7.8,Tom Waits,39456,Jim Jarmusch
Robert Mandel,Action,20603715,F/X,R,109,6.7,Bryan Brown,14502,Robert T. Megginson
Masanori Hata,Adventure,13245219,The Adventures of Milo and Otis,G,90,7.1,Kyôko Koizumi,9178,Masanori Hata
Jonathan Demme,Comedy,8362969,Something Wild,R,114,6.9,Jeff Daniels,13186,E. Max Frye
Marshall Brickman,Sci-Fi,3900000,The Manhattan Project,PG-13,117,6.1,John Lithgow,4666,Marshall Brickman
Fred Walton,Horror,12947763,April Fool's Day,R,89,6.2,Deborah Foreman,11458,Danilo Bach
Alan Johnson,Action,1579260,Solarbabies,PG-13,94,4.8,Richard Jordan,3397,Walon Green
Jim McBride,Comedy,17685307,The Big Easy,R,102,6.6,Dennis Quaid,10022,Daniel Petrie Jr.
Penny Marshall,Comedy,25587804,Jumpin' Jack Flash,R,105,5.8,Whoopi Goldberg,15703,David Franzoni
Roman Polanski,Adventure,1641825,Piratas,PG-13,121,6.1,Walter Matthau,6596,John Brownjohn
Jimmy T. Murakami,Animation,5274,When the Wind Blows,Not specified,80,7.8,Peggy Ashcroft,7900,Raymond Briggs
Jeff Kanew,Comedy,21458229,Tough Guys,PG,104,6.2,Burt Lancaster,5584,James Orr
Pedro Almodóvar,Drama,206952,Matador,NC-17,110,7,Assumpta Serna,8959,Pedro Almodóvar
Harley Cokeliss,Action,6637565,Black Moon Rising,R,100,5.4,Tommy Lee Jones,4045,John Carpenter
Roger Spottiswoode,Comedy,7790931,The Best of Times,PG-13,104,5.9,Robin Williams,5523,Ron Shelton
Kevin Tenney,Horror,7369373,Witchboard,R,98,5.7,Todd Allen,4744,Kevin Tenney
Paul Mazursky,Comedy,62134225,Down and Out in Beverly Hills,R,103,6.1,Nick Nolte,13569,René Fauchois
Trevor Nunn,Biography,277646,Lady Jane,PG-13,136,7.2,Helena Bonham Carter,5364,Chris Bryant
Thomas Michael Donnelly,Crime,7634909,Quicksilver,PG,105,5.6,Kevin Bacon,3720,Thomas Michael Donnelly
Mike Joens,Animation,5958456,My Little Pony: The Movie,G,86,6,Danny DeVito,2125,George Arthur Bloom
Ken Russell,Horror,916172,Gothic,R,87,5.7,Gabriel Byrne,5843,Lord Byron
Hal Ashby,Action,1305114,8 Million Ways to Die,R,115,5.7,Jeff Bridges,3607,Lawrence Block
Richard Pearce,Crime,12303904,No Mercy,R,106,5.7,Richard Gere,5564,James Carabatsos
Gene Wilder,Comedy,8033397,Haunted Honeymoon,PG,82,5.6,Gene Wilder,5549,Gene Wilder
Ted Nicolaou,Comedy,320256,TerrorVision,R,83,5.7,Diane Franklin,4620,Ted Nicolaou
Gary Nelson,Action,3751699,Allan Quatermain and the Lost City of Gold,PG,99,4.4,Richard Chamberlain,7491,H. Rider Haggard
Neil Jordan,Crime,5794184,Mona Lisa,R,104,7.4,Bob Hoskins,10747,Neil Jordan
Garry Marshall,Comedy,32324557,Nothing in Common,PG,118,5.9,Tom Hanks,5345,Rick Podell
J. Lee Thompson,Action,11834302,Firewalker,PG,104,5,Chuck Norris,4752,Robert Gosnell
Nicolas Roeg,Adventure,483460,Castaway,R,117,6,Oliver Reed,2649,Lucy Irvine
Richard Wenk,Comedy,4941117,Vamp,R,93,5.9,Chris Makepeace,3909,Donald P. Borchers
Derek Jarman,Biography,3151,Caravaggio,Not specified,93,6.7,Noam Almaz,4072,Derek Jarman
Leos Carax,Crime,21483,Mauvais Sang,UNRATED,116,7.3,Michel Piccoli,4922,Leos Carax
Duncan Gibbins,Drama,4636169,Fire with Fire,PG-13,103,6.6,Craig Sheffer,1264,Bill Phillips
Harold Ramis,Comedy,12308521,Club Paradise,PG-13,96,4.9,Robin Williams,5049,Harry Shearer
Ivan Reitman,Comedy,49851591,Legal Eagles,PG,116,5.9,Robert Redford,8374,Ivan Reitman
Christopher Morahan,Comedy,1476356,Clockwise,PG,96,6.6,John Cleese,9689,Michael Frayn
Robert M. Young,Drama,13418091,Extremities,R,89,6.3,Farrah Fawcett,2705,William Mastrosimone
Brian De Palma,Comedy,8475466,Wise Guys,R,100,5.6,Danny DeVito,4573,George Gallo
Peter Medak,Drama,2444076,The Men's Club,R,101,4.5,David Dukes,680,Leonard Michaels
Claude Berri,Drama,4940939,Jean de Florette,PG,120,8.1,Yves Montand,20914,Claude Berri
Tom DeSimone,Drama,2510433,Reform School Girls,R,94,5.2,Linda Carol,1717,Jack Cummins
Claude Berri,Drama,3940542,Manon of the Spring,PG,113,8,Yves Montand,17849,Claude Berri
Jim Goddard,Adventure,2315683,Shanghai Surprise,PG-13,97,3.1,Sean Penn,4339,John Kohn
Sidney Lumet,Drama,3800000,Power,R,111,5.7,Richard Gere,2287,David Himmelstein
Jerry Kramer,Comedy,604849,Modern Girls,PG-13,84,5.9,Daphne Zuniga,1023,Laurie Craig
Bruce Beresford,Comedy,22905500,Crimes of the Heart,PG-13,105,6.4,Diane Keaton,3079,Beth Henley
John McTiernan,Horror,2278264,Nomads,R,91,5.5,Lesley-Anne Down,3006,John McTiernan
Peter Manoogian,Action,4601256,Eliminators,PG,96,4.5,Andrew Prine,1422,Paul De Meo
George Mendeluk,Comedy,2147228,Meatballs III: Summer Job,R,96,3.3,Sally Kellerman,2003,Janis Allen
J. Lee Thompson,Action,9947631,Murphy's Law,R,100,5.9,Charles Bronson,3561,Gail Morgan Hickman
David Byrne,Musical,2545142,True Stories,PG,90,7,David Byrne,3885,Stephen Tobolowsky
Prince,Comedy,10090429,Under the Cherry Moon,PG-13,98,4.9,Prince,2549,Becky Johnston
Moshé Mizrahi,Drama,278623,Every Time We Say Goodbye,PG-13,95,5.9,Tom Hanks,1834,Moshé Mizrahi
Julien Temple,Drama,930211,Absolute Beginners,PG-13,108,5.6,Patsy Kensit,2659,Colin MacInnes
Bertrand Tavernier,Drama,3272600,'Round Midnight,R,133,7.4,Dexter Gordon,4028,David Rayfiel
Sam Firstenberg,Action,4679650,Avenging Force,R,104,5.9,Michael Dudikoff,1808,James Booth
Paul Lynch,Action,2995527,Bullies,R,96,5.4,Jonathan Crombie,340,John Sheppard
John Hough,Adventure,112132,Biggles: Adventures in Time,PG,88,5.8,Neil Dickson,2243,W.E. Johns
Albert Magnoli,Drama,4845724,American Anthem,PG-13,102,4,Mitchell Gaylord,1284,Evan Archerd
Richard Tuggle,Action,5099316,Out of Bounds,R,93,5.4,Anthony Michael Hall,1016,Tony Kayden
David Beaird,Comedy,4781448,My Chauffeur,R,97,5.6,Deborah Foreman,1426,David Beaird
Gene Saks,Comedy,11957943,Brighton Beach Memoirs,PG-13,108,6.9,Blythe Danner,2720,Neil Simon
Éric Rohmer,Drama,37455,Summer,R,98,7.8,Marie Rivière,4612,Marie Rivière
Paul Nicholas,Drama,3136701,The Naked Cage,R,97,5.5,Shari Shattuck,327,Paul Nicholas
Richard Franklin,Horror,1720450,Link,R,100,5.9,Terence Stamp,2080,Lee David Zlotoff
Bob Swaim,Thriller,1131399,Half Moon Street,R,90,5.4,Sigourney Weaver,2157,Edward Behr
Tom Moore,Drama,441863,"'night, Mother",PG-13,96,7.6,Sissy Spacek,1840,Marsha Norman
Blake Edwards,Action,6029824,A Fine Mess,PG,90,4.5,Ted Danson,1164,Blake Edwards
Mark Griffiths,Comedy,78068,Hardbodies 2,R,88,2.9,James Karen,895,Mark Griffiths
Fons Rademakers,Drama,203781,The Assault,PG,155,7.3,Derek de Lint,2694,Gerard Soeteman
Paul Schneider,Comedy,277405,Willy/Milly,PG-13,86,5.7,Pamela Adlon,323,Alan Friedman
Janet Greek,Drama,239073,The Ladies Club,R,85,5.3,Karen Austin,154,Casey Bishop
Stuart Rosenberg,Action,140980,Let's Get Harry,R,102,5.2,Michael Schoeffling,978,Mark Feldberg
Daryl Duke,Adventure,4007250,Tai-Pan,R,127,5.5,Bryan Brown,1340,John Briley
Jeffrey Delman,Comedy,2750741,Deadtime Stories,R,93,4.6,Scott Valentine,973,Jeffrey Delman
Dick Richards,Action,2793214,Heat,R,101,5.5,Burt Reynolds,1358,William Goldman
Robert Mandel,Comedy,1254040,Touch and Go,R,101,5.8,Michael Keaton,684,Alan Ormsby
Charles Jarrott,Biography,275000,The Boy in Blue,R,100,5.4,Nicolas Cage,907,Douglas Bowie
Alan Alda,Comedy,14205021,Sweet Liberty,PG,106,5.7,Alan Alda,2300,Alan Alda
William Fruet,Comedy,681337,Killer Party,R,91,4.7,Martin Hewitt,1265,Barney Cohen
Bill Sherwood,Drama,537681,Parting Glances,Not specified,90,7.8,John Bolger,2330,Bill Sherwood
Dale Schott,Animation,8540346,Care Bears Movie II: A New Generation,G,76,5.3,Maxine Miller,1760,Peter Sauder
Richard Pryor,Biography,18034150,"Jo Jo Dancer, Your Life Is Calling",R,97,6.3,Richard Pryor,1288,Rocco Urbisci
Andrew Lane,Action,1943751,Jake Speed,PG,100,5.3,Wayne Crawford,632,Wayne Crawford
Renny Harlin,Action,3388020,Born American,R,97,4.3,Mike Norris,1509,Renny Harlin
Michelle Manning,Action,6947787,Blue City,R,83,4.4,Judd Nelson,792,Ross Macdonald
Nadia Tass,Comedy,544472,Malcolm,PG-13,90,7.2,Colin Friels,1623,David Parker
Bob Weinstein,Comedy,2669366,Playing for Keeps,PG-13,102,4.1,Daniel Jordano,515,Bob Weinstein
Andrey Konchalovskiy,Drama,8736,Duet for One,R,107,7,Julie Andrews,699,Tom Kempinski
Evelyn Purcell,Comedy,563358,Nobody's Fool,PG-13,107,5.5,Rosanna Arquette,652,Beth Henley
John Byrum,Comedy,444746,The Whoopee Boys,R,88,6.2,Michael O'Keefe,639,Steve Zacharias
Blake Edwards,Comedy,4079895,That's Life!,PG-13,102,6.1,Jack Lemmon,1032,Milton Wexler
Hal Needham,Comedy,14926,Body Slam,PG,89,5.3,Dirk Benedict,795,Shel Lytton
David Drury,Thriller,750000,Defense of the Realm,PG,96,6.6,Gabriel Byrne,1625,Martin Stellman
Eliseo Subiela,Drama,725000,Man Facing Southeast,R,105,7.8,Lorenzo Quinteros,2991,Eliseo Subiela
Denys Arcand,Comedy,1902706,The Decline of the American Empire,R,101,7.3,Dominique Michel,6622,Denys Arcand
Jack Fisk,Drama,4743287,Violets Are Blue...,PG-13,88,5.7,Sissy Spacek,553,Naomi Foner
Simon Langton,Thriller,1500000,The Whistle Blower,PG,100,6.2,Michael Caine,1672,Julian Bond
Jerrold Freedman,Drama,1301121,Native Son,PG,111,5.9,Victor Love,448,Richard Wesley
Eugene Corr,Drama,416393,Desert Bloom,PG,105,6.6,Jon Voight,821,Linda Remy
Lizzie Borden,Drama,1777378,Working Girls,UNRATED,93,6.5,Louise Smith,604,Lizzie Borden
Bertrand Blier,Comedy,925952,Ménage,Not specified,84,7,Gérard Depardieu,2022,Bertrand Blier
Henning Carlsen,Biography,583800,Oviri,R,100,6.2,Donald Sutherland,275,Henning Carlsen
Raju Patel,Action,181410,In the Shadow of Kilimanjaro,R,100,5.1,John Rhys-Davies,310,T. Michael Harry
Tim Burstall,Drama,432266,Kangaroo,R,108,6.7,Colin Friels,156,Evan Jones
Albert Pyun,Action,2390525,Dangerously Close,R,95,6.6,John Stockwell,935,Scott Fields
Carroll Ballard,Family,781727,Nutcracker,G,100,7.2,Hugh Bigney,578,Kent Stowell
Federico Fellini,Comedy,837623,Ginger and Fred,PG-13,125,7.3,Marcello Mastroianni,3859,Federico Fellini
Alan J. Pakula,Crime,502237,Dream Lover,R,104,5.1,Kristy McNichol,405,Jon Boorstin
Allan Burns,Drama,6408791,Just Between Friends,PG-13,110,5.9,Mary Tyler Moore,629,Allan Burns
Gary Hudson,Action,145975,Thunder Run,PG-13,90,5.1,Forrest Tucker,218,Charles Davis
Paul Bartel,Comedy,1096843,The Longshot,PG-13,89,5.4,Tim Conway,457,Tim Conway
Michael Dinner,Comedy,4842778,Off Beat,PG,92,5,Judge Reinhold,748,Dezsö Magyar
Joe Roth,Drama,2520664,Streets of Gold,R,95,6,Klaus Maria Brandauer,505,Dezsö Magyar
Bert Convy,Action,351623,Weekend Warriors,R,100,4.4,Chris Lemmon,237,Bruce Belland
Zoran Perisic,Action,2295500,Sky Bandits,PG,100,4.6,Scott McGinnis,183,Thom Keyes
Fred Olen Ray,Action,1368912,Armed Response,R,86,4.9,David Carradine,489,T.L. Lankford
Franco Zeffirelli,Drama,189042,Otello,PG,100,7.2,Plácido Domingo,424,Arrigo Boito
Rob Nilsson,Drama,440438,On the Edge,PG-13,95,7.1,Bruce Dern,171,Roy Kissin
Frank Harris,Action,63860,Low Blow,R,100,3.5,Leo Fong,256,Leo Fong
Glen Pitre,Drama,1444618,Belizaire the Cajun,PG,103,6.4,Armand Assante,391,Glen Pitre
Claude Lelouch,Drama,227510,A Man and a Woman: 20 Years Later,PG,112,5.8,Anouk Aimée,496,Claude Lelouch
Clay Borris,Action,1900000,Quiet Cool,R,100,5.7,James Remar,542,Clay Borris
Gideon Amir,Action,2497233,Behind Enemy Lines,R,90,4.9,David Carradine,368,Malcolm Barbour
Francis Schaeffer,Action,193153,Wired to Kill,R,86,4.2,Emily Longstreth,163,Francis Schaeffer
Bruce Beresford,Drama,149440,The Fringe Dwellers,PG,98,6.7,Kristina Nehm,305,Bruce Beresford
André Téchiné,Crime,164187,Scene of the Crime,Not specified,90,6.9,Nicolas Giraudi,565,André Téchiné
Don Lusk,Animation,1338264,GoBots: Battle of the Rock Lords,G,75,5.8,Margot Kidder,397,Jeff Segal
Charles Gormley,Comedy,267249,The Gospel According to Vic,PG,92,6.1,Tom Conti,227,Charles Gormley
Dominic Orlando,Action,601451,Knights of the City,R,87,4.8,Leon Isaac Kennedy,103,Leon Isaac Kennedy
Robert M. Young,Comedy,18209,Saving Grace,PG,112,7,Tom Conti,467,Celia Gittelson
Gary Grillo,Action,492367,Jackals,R,97,5.3,Jack Lucarelli,139,Dennis A. Pratt
Filippo Ottoni,Comedy,22123,Detective School Dropouts,PG,92,5.8,David Landsberg,220,Lorin Dreyfuss
Christopher Cain,Adventure,676166,Where the River Runs Black,PG,100,6.6,Charles Durning,351,Neal Jimenez
Bruno Bianchi,Family,2193642,Heathcliff: The Movie,G,73,5.3,Mel Blanc,187,George Gately
Dennis Klein,Comedy,32279,One More Saturday Night,R,95,5.7,Tom Davis,211,Tom Davis
Rob Reiner,Adventure,30857814,The Princess Bride,PG,98,8.1,Cary Elwes,320953,William Goldman
Clive Barker,Horror,14564027,Hellraiser,R,94,7,Andrew Robinson,83209,Clive Barker
Stanley Kubrick,Drama,46357676,Full Metal Jacket,R,116,8.3,Matthew Modine,537826,Gustav Hasford
Emile Ardolino,Drama,63952836,Dirty Dancing,PG-13,100,6.9,Patrick Swayze,155978,Eleanor Bergstein
Joel Schumacher,Comedy,32222567,The Lost Boys,R,97,7.3,Jason Patric,100376,Jan Fischer
John McTiernan,Action,59735548,Predator,R,107,7.8,Arnold Schwarzenegger,313213,Jim Thomas
Paul Michael Glaser,Action,38122105,The Running Man,R,101,6.6,Arnold Schwarzenegger,120345,Stephen King
Mel Brooks,Adventure,38119483,Spaceballs,PG,96,7.1,Mel Brooks,146748,Mel Brooks
Paul Verhoeven,Action,53424681,RoboCop,R,102,7.5,Peter Weller,196245,Edward Neumeier
Richard Donner,Action,65207127,Lethal Weapon,R,110,7.6,Mel Gibson,204328,Shane Black
Brian De Palma,Crime,76270454,The Untouchables,R,119,7.9,Kevin Costner,234254,Oscar Fraley
Sam Raimi,Comedy,5923044,Evil Dead II,R,84,7.8,Bruce Campbell,123325,Sam Raimi
Gary Goddard,Action,17336370,Masters of the Universe,PG,106,5.4,Dolph Lundgren,30370,David Odell
Fred Dekker,Action,3769990,The Monster Squad,PG-13,82,7.2,Andre Gower,21420,Shane Black
Adrian Lyne,Drama,156645693,Fatal Attraction,R,119,6.9,Michael Douglas,60383,James Dearden
John Glen,Action,51185897,The Living Daylights,PG,130,6.7,Timothy Dalton,74272,Richard Maibaum
Oliver Stone,Crime,43848100,Wall Street,R,126,7.4,Charlie Sheen,126195,Stanley Weiser
Steven Spielberg,Drama,22238696,Empire of the Sun,PG,153,7.8,Christian Bale,96566,Tom Stoppard
Steve Rash,Comedy,31623833,Can't Buy Me Love,PG-13,94,6.7,Patrick Dempsey,26348,Michael Swerdlick
George Miller,Comedy,63766510,The Witches of Eastwick,R,118,6.5,Jack Nicholson,51642,John Updike
Carl Reiner,Comedy,35658098,Summer School,PG-13,97,6.5,Mark Harmon,14038,Stuart Birnbaum
Chuck Russell,Action,44793222,A Nightmare on Elm Street 3: Dream Warriors,R,96,6.6,Heather Langenkamp,55414,Wes Craven
Chris Columbus,Action,34368475,Adventures in Babysitting,PG-13,102,6.9,Elisabeth Shue,30850,David Simkins
John Irvin,Action,13839404,Hamburger Hill,R,110,6.7,Anthony Barrile,20159,James Carabatsos
Joseph Sargent,Adventure,20763013,Jaws: The Revenge,PG-13,89,2.9,Lorraine Gary,33419,Peter Benchley
Menahem Golan,Action,16057580,Over the Top,PG,93,5.7,Sylvester Stallone,40916,Gary Conway
John Hughes,Comedy,49530280,"Planes, Trains & Automobiles",R,93,7.6,Steve Martin,98897,John Hughes
Joel Coen,Comedy,22847564,Raising Arizona,PG-13,94,7.4,Nicolas Cage,107669,Ethan Coen
Alan Parker,Horror,17185632,Angel Heart,R,113,7.3,Mickey Rourke,67453,William Hjortsberg
Howard Deutch,Drama,18553948,Some Kind of Wonderful,PG-13,95,7.1,Eric Stoltz,21931,John Hughes
Michael Gottlieb,Comedy,42721196,Mannequin,PG,90,5.8,Andrew McCarthy,24626,Edward Rugoff
Garry Marshall,Comedy,26713187,Overboard,PG,106,6.8,Goldie Hawn,40429,Leslie Dixon
Joe Dante,Action,25893810,Innerspace,PG,120,6.8,Dennis Quaid,45172,Chip Proser
Norman Jewison,Comedy,80640528,Moonstruck,PG,102,7.1,Cher,38600,John Patrick Shanley
Tony Scott,Action,153665000,Beverly Hills Cop II,R,100,6.5,Eddie Murphy,90969,Danilo Bach
William Dear,Comedy,29760613,Harry and the Hendersons,PG,110,5.9,John Lithgow,26157,William Dear
Bernardo Bertolucci,Biography,43984230,The Last Emperor,PG-13,163,7.8,John Lone,76408,Mark Peploe
Barry Levinson,Biography,123922370,"Good Morning, Vietnam",R,121,7.3,Robin Williams,106924,Mitch Markowitz
James Ivory,Drama,3130592,Maurice,R,140,7.7,James Wilby,11837,E.M. Forster
Leonard Nimoy,Comedy,167780960,3 Men and a Baby,PG,102,5.9,Tom Selleck,39544,Coline Serreau
John Carpenter,Horror,14182492,Prince of Darkness,R,102,6.7,Donald Pleasence,28064,John Carpenter
Luis Valdez,Biography,54215416,La Bamba,PG-13,108,6.8,Lou Diamond Phillips,22839,Luis Valdez
Kathryn Bigelow,Action,3369307,Near Dark,R,94,7,Adrian Pasdar,27485,Kathryn Bigelow
Wim Wenders,Drama,3210139,Wings of Desire,PG-13,128,8.1,Bruno Ganz,51522,Wim Wenders
Marek Kanievska,Crime,12396383,Less Than Zero,R,98,6.4,Andrew McCarthy,15500,Bret Easton Ellis
Roger Donaldson,Action,35509515,No Way Out,R,114,7.1,Kevin Costner,28684,Kenneth Fearing
Matthew Robbins,Comedy,32945797,*batteries not included,PG,106,6.6,Hume Cronyn,25330,Mick Garris
Charles Shyer,Comedy,26712476,Baby Boom,PG,110,6.1,Diane Keaton,11414,Nancy Meyers
Bruce Robinson,Comedy,1544889,Withnail & I,R,107,7.8,Richard E. Grant,33285,Bruce Robinson
Jeffrey Bloom,Drama,15151736,Flowers in the Attic,PG-13,93,5.7,Louise Fletcher,7993,Virginia C. Andrews
James L. Brooks,Comedy,51249404,Broadcast News,R,133,7.2,William Hurt,22802,James L. Brooks
Tibor Takács,Fantasy,13539458,Túnel al infierno,PG-13,85,6,Stephen Dorff,11435,Michael Nankin
Sidney J. Furie,Action,15681020,Superman IV: The Quest for Peace,PG,90,3.6,Christopher Reeve,35866,Joe Shuster
Michael Gornick,Comedy,14000000,Creepshow 2,R,92,6,George Kennedy,17500,Stephen King
Christopher Leitch,Comedy,7888703,Teen Wolf Too,PG,95,3.2,Jason Bateman,8905,Jeph Loeb
Fred Schepisi,Comedy,40050884,Roxanne,PG,107,6.6,Steve Martin,34794,Edmond Rostand
Herbert Ross,Comedy,66995879,The Secret of My Succe$s,PG-13,111,6.5,Michael J. Fox,24685,Jim Cash
Tom Mankiewicz,Comedy,57387516,Dragnet,PG-13,106,5.9,Dan Aykroyd,27387,Dan Aykroyd
Alan Clarke,Comedy,124167,"Rita, Sue and Bob Too",R,93,6.4,Siobhan Finneran,2747,Andrea Dunbar
Blake Edwards,Comedy,39321715,Blind Date,PG-13,95,5.9,Kim Basinger,17903,Dale Launer
Ethan Wiley,Comedy,7800000,House II: The Second Story,PG-13,88,5.4,Arye Gross,8302,Fred Dekker
Jim Drake,Comedy,28061343,Police Academy 4: Citizens on Patrol,PG,88,4.8,Steve Guttenberg,33955,Neal Israel
Rod Amateau,Adventure,1576615,The Garbage Pail Kids Movie,PG,100,2.7,Anthony Newley,6348,Linda Palmer
Danny DeVito,Comedy,57915972,Throw Momma from the Train,PG-13,88,6.2,Danny DeVito,28550,Stu Silver
Joseph Ruben,Horror,2488740,The Stepfather,R,89,6.8,Terry O'Quinn,9959,Carolyn Lefcourt
Jack Sholder,Action,9747988,The Hidden,R,96,7,Kyle MacLachlan,13878,Jim Kouf
Joe Dante,Comedy,548696,Amazon Women on the Moon,R,85,6.2,Rosanna Arquette,8755,Michael Barrie
Barbet Schroeder,Comedy,3221568,Barfly,R,100,7.3,Mickey Rourke,15647,Charles Bukowski
Phil Joanou,Comedy,3685862,Three O'Clock High,PG-13,97,7.2,Casey Siemaszko,8970,Richard Christian Matheson
Gabriel Axel,Comedy,4398938,Babette's Feast,G,102,7.8,Stéphane Audran,14838,Karen Blixen
John Schlesinger,Crime,18753438,The Believers,R,114,6.1,Martin Sheen,4900,Mark Frost
James Toback,Comedy,13290368,The Pick-up Artist,PG-13,81,5.2,Molly Ringwald,5348,James Toback
Woody Allen,Comedy,14792779,Radio Days,PG,88,7.6,Mia Farrow,26467,Woody Allen
Robert Altman,Comedy,1028679,Aria,R,90,5.8,John Hurt,2243,Robert Altman
John R. Cherry III,Comedy,23509382,Ernest Goes to Camp,PG,92,5.5,Jim Varney,9526,John R. Cherry III
Louis Malle,Drama,4542825,Au Revoir les Enfants,PG,104,8,Gaspard Manesse,25969,Louis Malle
Ridley Scott,Crime,10278549,Someone to Watch Over Me,R,106,6.1,Tom Berenger,7854,Howard Franklin
James Foley,Comedy,7305209,Who's That Girl,PG,92,4.7,Madonna,8125,Andrew Smith
Richard Attenborough,Biography,5899797,Cry Freedom,PG,157,7.5,Denzel Washington,10692,John Briley
John Mackenzie,Thriller,12423831,The Fourth Protocol,R,119,6.5,Michael Caine,7532,George Axelrod
Hector Babenco,Drama,7393346,Ironweed,R,143,6.8,Jack Nicholson,6874,William Kennedy
Bob Rafelson,Crime,25205460,Black Widow,R,102,6.3,Debra Winger,7132,Ronald Bass
John Badham,Action,65673233,Stakeout,R,117,6.6,Richard Dreyfuss,20039,Jim Kouf
Rod Daniel,Comedy,34377585,Like Father Like Son,PG-13,96,5.1,Dudley Moore,4817,Lorne Cameron
Percy Adlon,Comedy,3587303,Bagdad Cafe,PG,95,7.5,Marianne Sägebrecht,10255,Eleonore Adlon
Andrey Konchalovskiy,Drama,769119,Shy People,R,100,6.9,Jill Clayburgh,940,Andrey Konchalovskiy
Joe Roth,Comedy,30063289,Revenge of the Nerds II: Nerds in Paradise,PG-13,88,4.9,Robert Carradine,11444,Tim Metcalfe
Bruce Pittman,Horror,2683519,Prom Night II,R,97,5.6,Lisa Schrage,3440,Ron Oliver
J. Lee Thompson,Action,6880310,Death Wish 4: The Crackdown,R,99,5.3,Charles Bronson,6770,Brian Garfield
Jonathan Kaplan,Comedy,18532286,Project X,PG,108,6.1,Matthew Broderick,8879,Lawrence Lasker
William Phelps,Action,3832228,North Shore,PG,96,6.5,Matt Adler,1903,William Phelps
Élie Chouraqui,Action,519596,Man on Fire,R,87,5.9,Scott Glenn,1340,A.J. Quinnell
Ruggero Deodato,Fantasy,800000,The Barbarians,R,87,4.9,David Paul,2538,Alberto Piferi
Elaine May,Action,14375181,Ishtar,PG-13,107,4.2,Warren Beatty,9094,Elaine May
Robert Townsend,Comedy,5228617,Hollywood Shuffle,R,78,7,Robert Townsend,3009,Robert Townsend
Lawrence Bassoff,Comedy,1749956,Hunk,PG,102,4.6,John Allen Nelson,1042,Lawrence Bassoff
David Mamet,Crime,2585639,House of Games,R,102,7.3,Lindsay Crouse,17508,David Mamet
Peter Werner,Crime,2877571,No Man's Land,R,100,6.1,Charlie Sheen,3297,Dick Wolf
David Keith,Sci-Fi,1930001,The Curse,R,92,4.9,Wil Wheaton,1762,David Chaskin
Peter Yates,Crime,18782400,Suspect,R,121,6.6,Cher,7506,Eric Roth
Christopher Cain,Action,19734940,The Principal,R,109,6.2,Jim Belushi,7311,Frank Deese
John Boorman,Comedy,10021120,Hope and Glory,PG-13,113,7.4,Sarah Miles,10291,John Boorman
Arthur Hiller,Comedy,52864741,Outrageous Fortune,R,99,6.1,Shelley Long,6123,Leslie Dixon
Walter Hill,Action,11307844,Extreme Prejudice,R,96,6.6,Nick Nolte,4924,John Milius
Sam Firstenberg,Action,4000000,American Ninja 2: The Confrontation,R,90,4.8,Michael Dudikoff,6565,Gary Conway
John Sayles,Drama,1680358,Matewan,PG-13,135,7.9,Chris Cooper,6198,John Sayles
Bill Norton,Drama,1539000,Three for the Road,PG,88,5.3,Charlie Sheen,813,Richard Martini
Paul Weiland,Action,4916871,Leonard Part 6,PG,85,2.2,Bill Cosby,7387,Jonathan Reynolds
Jerry Schatzberg,Crime,1119112,Street Smart,R,97,6.4,Christopher Reeve,2096,David Freeman
Stephen Frears,Biography,1654743,Prick Up Your Ears,R,105,7.4,Gary Oldman,4799,Alan Bennett
Michael Cimino,Action,5406879,The Sicilian,R,115,5.3,Christopher Lambert,3889,Mario Puzo
Cheech Marin,Comedy,17355263,Born in East L.A.,R,85,5.9,Cheech Marin,4648,Cheech Marin
Paul Schrader,Drama,10489617,Light of Day,PG-13,107,5.5,Michael J. Fox,2101,Paul Schrader
Bille August,Drama,2053931,Pelle the Conqueror,PG-13,157,7.9,Pelle Hvenegaard,8321,Martin Andersen Nexø
Bill Froehlich,Comedy,1189709,Return to Horror High,R,95,4.2,Lori Lethin,2337,Bill Froehlich
Lyndall Hobbs,Comedy,13110903,Back to the Beach,PG,92,5.8,Frankie Avalon,2332,James Komack
Robert Collector,Horror,1149470,Nightflyers,R,89,4,Catherine Mary Stewart,796,George R.R. Martin
Tom Holland,Action,12046526,Fatal Beauty,R,104,5.3,Whoopi Goldberg,2652,Bill Svanoe
Jeff Bleckner,Adventure,300859,White Water Summer,PG,90,6.2,Kevin Bacon,4353,Manya Starr
Lindsay Anderson,Drama,1338198,The Whales of August,NOT RATED,90,7.6,Bette Davis,3416,David Berry
Bob Giraldi,Comedy,7019441,Hiding Out,PG-13,98,6.4,Jon Cryer,2584,Joe Menosky
Jimmy Huston,Comedy,174380,My Best Friend Is a Vampire,PG,89,6.1,Robert Sean Leonard,2690,Tab Murphy
Harley Cokeliss,Action,3060858,Malone,R,92,5.6,Burt Reynolds,1959,Christopher Frank
Steven Lisberger,Comedy,4215859,Hot Pursuit,PG-13,93,5.8,John Cusack,2768,Steven Lisberger
Dennis Feldman,Action,873903,Real Men,PG-13,85,6.2,Jim Belushi,3077,Dennis Feldman
Mike Hodges,Action,1432687,A Prayer for the Dying,R,107,6.4,Mickey Rourke,3731,Jack Higgins
Francis Ford Coppola,Drama,5262047,Gardens of Stone,R,111,6.4,James Caan,4273,Nicholas Proffitt
Gary Sherman,Action,7555000,Wanted: Dead or Alive,R,106,5.9,Rutger Hauer,3328,Michael Patrick Goodman
Janice Karman,Animation,6804312,The Chipmunk Adventure,G,100,7.2,Ross Bagdasarian Jr.,4383,Janice Karman
Stephen Carpenter,Horror,2407024,The Kindred,R,91,5.5,Rod Steiger,1211,Stephen Carpenter
Alan Rudolph,Comedy,4572845,Made in Heaven,PG,100,6.5,Timothy Hutton,2691,Bruce A. Evans
Emilio Estevez,Crime,5715174,Wisdom,R,109,5.7,Emilio Estevez,2659,Emilio Estevez
Michael Radford,Crime,3107551,White Mischief,R,107,6.3,Sarah Miles,2171,James Fox
Woody Allen,Drama,486434,September,PG,83,6.7,Elaine Stritch,7620,Woody Allen
John Huston,Drama,4370078,The Dead,PG,83,7.4,Anjelica Huston,5933,Tony Huston
Lance Hool,Action,562187,Steel Dawn,R,100,5,Patrick Swayze,3860,Doug Lefler
Renny Harlin,Crime,354704,Prison,R,102,5.9,Lane Smith,3019,Irwin Yablans
Martin Ritt,Drama,30950002,Nuts,R,116,6.7,Barbra Streisand,4996,Tom Topor
Barry Levinson,Comedy,25411386,Tin Men,R,112,6.5,Richard Dreyfuss,6960,Barry Levinson
Lionel Chetwynd,Drama,760000,The Hanoi Hilton,R,125,6,Michael Moriarty,763,Lionel Chetwynd
William Friedkin,Drama,796368,Rampage,R,97,6.3,Michael Biehn,1625,William P. Wood
Ben Bolt,Drama,1733017,The Big Town,R,109,5.9,Matt Dillon,1483,Clark Howard
David Leland,Comedy,3283832,Wish You Were Here,R,88,6.8,Emily Lloyd,2212,David Leland
Tamar Simon Hoffs,Comedy,2700000,The Allnighter,PG-13,108,4,Susanna Hoffs,904,Tamar Simon Hoffs
Peter Greenaway,Drama,287725,The Belly of an Architect,R,119,7,Brian Dennehy,4517,Peter Greenaway
John Flynn,Action,4278150,Best Seller,R,95,6.5,James Woods,3752,Larry Cohen
Mary Lambert,Drama,700000,Siesta,R,100,5.6,Ellen Barkin,1844,Patrice Chaplin
Michael Hoffman,Drama,316199,Promised Land,R,102,5.7,Jason Gedrick,1052,Michael Hoffman
Curtis Hanson,Crime,12640385,The Bedroom Window,R,112,6.4,Steve Guttenberg,3650,Anne Holden
Nikita Mikhalkov,Comedy,2201428,Dark Eyes,Not specified,117,7.6,Marcello Mastroianni,2421,Aleksandr Adabashyan
Amy Holden Jones,Fantasy,9868521,Maid to Order,PG,93,5.5,Ally Sheedy,2786,Amy Holden Jones
Daniel Petrie,Drama,225358,Square Dance,PG-13,112,6.1,Jason Robards,730,Alan Hines
Alex Cox,Action,210200,Straight to Hell,R,100,5.8,Sy Richardson,1924,Alex Cox
Hugh Wilson,Comedy,16337355,Burglar,R,103,5,Whoopi Goldberg,3453,Lawrence Block
Phil Alden Robinson,Comedy,999382,In the Mood,PG-13,98,6.1,Patrick Dempsey,778,Robert Kosberg
David Hugh Jones,Biography,1083486,84 Charing Cross Road,PG,100,7.5,Anne Bancroft,6285,Helene Hanff
Lee Harry,Horror,154323,"Silent Night, Deadly Night 2",R,88,3.5,Eric Freeman,4329,Michael Hickey
Tony Bill,Crime,969205,Five Corners,R,90,6.3,Jodie Foster,2584,John Patrick Shanley
Tom McLoughlin,Comedy,1988962,Date with an Angel,PG,105,5.8,Phoebe Cates,2163,Tom McLoughlin
Alex Cox,Biography,257043,Walker,R,94,6.6,Ed Harris,2684,Rudy Wurlitzer
Larry Cohen,Adventure,626724,Deadly Illusion,R,87,4.7,Billy Dee Williams,233,Larry Cohen
Wayne Wang,Mystery,406881,Slam Dance,R,92,5.3,Tom Hulce,1129,Don Keith Opper
Roger Young,Action,2228951,The Squeeze,PG-13,101,4.6,Michael Keaton,770,Daniel Taplitz
Terry Jones,Comedy,1744164,Personal Services,R,105,6.4,Julie Walters,1031,David Leland
Peter R. Hunt,Action,6075793,Assassination,PG-13,88,5.1,Charles Bronson,2255,Richard Sale
David DeCoteau,Horror,13133,Creepozoids,R,72,3.5,Linnea Quigley,1447,Dave Eisenstark
Abel Ferrara,Crime,1262091,China Girl,R,90,6.1,James Russo,1214,Nicholas St. John
Robert Benton,Comedy,5669831,Nadine,PG,83,5.5,Jeff Bridges,3267,Robert Benton
Arthur Penn,Drama,2413427,Dead of Winter,R,100,6.3,Mary Steenburgen,2694,Marc Shmuger
Corey Yuen,Adventure,108154,"No Retreat, No Surrender 2",R,104,5.1,Loren Avedon,1209,Maria Elena Cellino
Paul Newman,Drama,895904,The Glass Menagerie,PG,134,7.2,Joanne Woodward,1699,Tennessee Williams
Bigas Luna,Horror,228789,Anguish,R,86,6.7,Zelda Rubinstein,2611,Bigas Luna
Pat O'Connor,Drama,443524,A Month in the Country,PG,96,7.2,Colin Firth,1038,J.L. Carr
Jeff Burr,Action,1355728,From a Whisper to a Scream,R,99,6,Vincent Price,1489,C. Courtney Joyner
Frank Perry,Comedy,20419446,Hello Again,PG,96,5.1,Shelley Long,2493,Susan Isaacs
Christine Edzard,Drama,1025228,Little Dorrit,G,357,7.5,Derek Jacobi,886,Charles Dickens
Melvin Frank,Comedy,460608,Walk Like a Man,PG,86,4.6,Christopher Lloyd,1174,Robert Klane
Norman Mailer,Comedy,858250,Tough Guys Don't Dance,R,110,4.8,Ryan O'Neal,1025,Norman Mailer
Michael Schultz,Comedy,10348437,Disorderlies,PG,86,4.8,Darren Robinson,1708,Mark Feldberg
Bill Condon,Drama,743445,"Sister, Sister",R,91,5.5,Eric Stoltz,695,Bill Condon
Susan Seidelman,Comedy,1584970,Making Mr. Right,PG-13,98,5.3,John Malkovich,2101,Floyd Byars
Donald Cammell,Horror,225132,White of the Eye,R,100,6.4,David Keith,1342,China Kong
Rick Rosenthal,Drama,2189047,Russkies,PG,100,5.6,Whip Hubley,1126,Sheldon Lettich
Jerry Belson,Comedy,5711976,Surrender,PG,105,5.4,Sally Field,692,Jerry Belson
Bill Forsyth,Comedy,1083282,Housekeeping,PG,116,7.3,Christine Lahti,1596,Marilynne Robinson
John Duigan,Drama,213901,The Year My Voice Broke,PG-13,103,7.5,Noah Taylor,1647,John Duigan
Douglas Grossman,Crime,187920,Hell High,R,84,5,Maureen Mooney,464,Leo Evans
Diane Kurys,Drama,949451,A Man in Love,R,125,5.8,Peter Coyote,442,Diane Kurys
Bob Clark,Comedy,9518342,From the Hip,PG,111,6.2,Judd Nelson,1826,Bob Clark
Armyan Bernstein,Comedy,1025762,Cross My Heart,R,90,5.7,Martin Short,883,Armyan Bernstein
Robert Mandel,Adventure,3390043,Big Shots,PG-13,94,5.6,Ricky Busker,654,Joe Eszterhas
Michael Apted,Comedy,20240502,Critical Condition,R,100,5.2,Richard Pryor,2453,Denis Hamill
Fred Olen Ray,Action,41174,Cyclone,R,89,4.4,Heather Thomas,692,Paul Garson
Paul Aaron,Comedy,2136381,Morgan Stewart's Coming Home,PG-13,100,5.4,Jon Cryer,768,Ken Hixon
Dorothy Ann Puzo,Action,285885,Cold Steel,R,91,4.5,Brad Davis,592,Lisa M. Hansen
Ron Link,Comedy,21905,Zombie High,R,93,4.2,Virginia Madsen,716,Tim Doyle
Federico Fellini,Comedy,112560,Intervista,Not specified,100,7.1,Sergio Rubini,1926,Federico Fellini
Charlie Loventhal,Comedy,3922273,My Demon Lover,PG-13,90,4.6,Scott Valentine,945,Leslie Ray
David Irving,Fantasy,355253,Rumpelstiltskin,G,84,5.4,Amy Irving,444,Jacob Grimm
Lee H. Katzin,Action,307000,World Gone Wild,R,100,5.2,Bruce Dern,543,Jorge Zamacona
Peter Manoogian,Action,197791,Enemy Territory,R,89,6.5,Gary Frank,570,Stuart Kaminsky
Peter Del Monte,Drama,901364,Julia and Julia,R,98,5.7,Kathleen Turner,667,Peter Del Monte
Dominique Deruddere,Drama,119919,Crazy Love,Not specified,90,7,Josse De Pauw,949,Charles Bukowski
John D. Hancock,Drama,2325444,Weeds,R,115,6,Nick Nolte,717,Dorothy Tristan
Jean-Loup Hubert,Drama,760539,The Grand Highway,R,104,7.5,Anémone,1208,Jean-Loup Hubert
Ken Cameron,Drama,1155020,Peter Kenna's The Good Wife,R,100,5.8,Rachel Ward,435,Peter Kenna
Jerry London,Action,295000,Rent-a-Cop,R,96,4.3,Burt Reynolds,1347,Michael Blodgett
Éric Rohmer,Comedy,823243,Boyfriends and Girlfriends,PG,103,7.7,Emmanuelle Chaulet,2657,Éric Rohmer
Stephen Frears,Comedy,1196336,Sammy and Rosie Get Laid,Not specified,101,6.7,Shashi Kapoor,1226,Hanif Kureishi
Terry Leonard,Action,4546244,Death Before Dishonor,R,91,4.9,Fred Dryer,659,John Gatliff
Rick King,Thriller,500283,The Killing Time,R,94,5.4,Beau Bridges,763,Don Bohlinger
Peter Richardson,Action,200723,Eat the Rich,R,90,6,Al Pillay,1069,Peter Richardson
Burt Kennedy,Action,205507,The Trouble with Spies,PG-13,91,4,Donald Sutherland,252,Burt Kennedy
Joe Camp,Adventure,22257624,Benji the Hunted,G,88,6.3,Red Steagall,2244,Joe Camp
Fred Walton,Crime,1730337,The Rosary Murders,R,105,5.7,Donald Sutherland,960,William X. Kienzle
Jonathan Demme,Comedy,1092911,Swimming to Cambodia,R,85,7.8,Spalding Gray,1763,Spalding Gray
Jamaa Fanaka,Comedy,1392616,Penitentiary III,R,90,3.7,Leon Isaac Kennedy,372,Jamaa Fanaka
Robert Boris,Action,1327740,Steele Justice,R,95,4.8,Sela Ward,403,Robert Boris
Éric Rohmer,Comedy,215073,Four Adventures of Reinette and Mirabelle,NOT RATED,95,7.9,Joëlle Miquel,1331,Éric Rohmer
Robert Altman,Comedy,790000,Beyond Therapy,R,93,4.7,Julie Hagerty,944,Christopher Durang
Tim Burton,Comedy,73707461,Beetlejuice,PG,92,7.5,Alec Baldwin,206997,Michael McDowell
John Landis,Comedy,128152300,Coming to America,R,116,7,Eddie Murphy,130485,Eddie Murphy
Tom Holland,Horror,33244684,Child's Play,R,87,6.6,Catherine Hicks,67682,Don Mancini
John McTiernan,Action,83008852,Die Hard,R,131,8.2,Bruce Willis,647000,Roderick Thorp
Ron Howard,Action,57269863,Willow,PG,126,7.3,Val Kilmer,86056,George Lucas
Michael Lehmann,Comedy,1108462,Heathers,R,103,7.3,Winona Ryder,67238,Daniel Waters
Barry Levinson,Drama,172825435,Rain Man,R,133,8,Dustin Hoffman,408473,Barry Morrow
John Carpenter,Action,13008928,They Live,R,94,7.3,Roddy Piper,83379,Ray Nelson
Robert Zemeckis,Animation,156452370,Who Framed Roger Rabbit,PG,104,7.7,Bob Hoskins,153513,Gary K. Wolf
Katsuhiro Ôtomo,Animation,553171,Akira,R,124,8.1,Nozomu Sasaki,118747,Katsuhiro Ôtomo
Penny Marshall,Comedy,114968774,Big,PG,104,7.3,Tom Hanks,164257,Gary Ross
Roger Donaldson,Comedy,78222753,Cocktail,R,104,5.8,Tom Cruise,65825,Heywood Gould
Giuseppe Tornatore,Drama,11990401,Cinema Paradiso,R,155,8.5,Philippe Noiret,171600,Giuseppe Tornatore
Chuck Russell,Horror,8247943,The Blob,R,95,6.4,Shawnee Smith,24931,Theodore Simonson
Stan Winston,Fantasy,4385516,Pumpkinhead,R,86,6.2,Lance Henriksen,15572,Ed Justin
Charles Crichton,Comedy,63493712,A Fish Called Wanda,R,108,7.6,John Cleese,114144,John Cleese
Stephen Chiodo,Comedy,15625095,Killer Klowns from Outer Space,PG-13,88,6.1,Grant Cramer,25440,Charles Chiodo
Martin Brest,Action,38413606,Midnight Run,R,126,7.6,Robert De Niro,58318,George Gallo
Tony Randel,Horror,11090735,Hellbound: Hellraiser II,R,97,6.5,Doug Bradley,33241,Clive Barker
Alan Parker,Crime,34603943,Mississippi Burning,R,128,7.8,Gene Hackman,70539,Chris Gerolmo
David Zucker,Comedy,78041829,The Naked Gun: From the Files of Police Squad!,PG-13,85,7.6,Leslie Nielsen,124515,Jerry Zucker
Newt Arnold,Action,11806119,Bloodsport,R,92,6.8,Jean-Claude Van Damme,63368,Sheldon Lettich
Mike Nichols,Comedy,64000000,Working Girl,R,113,6.7,Melanie Griffith,44277,Kevin Wade
John Cornell,Action,109305000,Crocodile Dundee II,PG,108,5.5,Paul Hogan,46738,Paul Hogan
Don Bluth,Animation,48092846,The Land Before Time,G,69,7.4,Pat Hingle,66623,Stu Krieger
Ivan Reitman,Comedy,111936400,Twins,PG,107,6,Arnold Schwarzenegger,94295,William Davies
Stephen Frears,Drama,34700000,Dangerous Liaisons,R,119,7.7,Glenn Close,55823,Christopher Hampton
Philip Kaufman,Drama,10006806,The Unbearable Lightness of Being,R,171,7.4,Daniel Day-Lewis,28868,Milan Kundera
Luc Besson,Adventure,3500000,The Big Blue,R,168,7.6,Jean-Marc Barr,40755,Luc Besson
Garry Marshall,Comedy,57041866,Beaches,PG-13,123,6.8,Bette Midler,19613,Iris Rainer
Dwight H. Little,Horror,17768757,Halloween 4: The Return of Michael Myers,R,88,5.9,Donald Pleasence,32498,Dhani Lipsius
Christopher Cain,Action,45661556,Young Guns,R,107,6.8,Emilio Estevez,45768,John Fusco
Walter Hill,Action,34994648,Red Heat,R,104,6,Arnold Schwarzenegger,53769,Walter Hill
Donald Petrie,Comedy,12793213,Mystic Pizza,R,104,6.2,Annabeth Gish,20071,Amy Holden Jones
Peter MacDonald,Action,53715611,Rambo III,R,102,5.7,Sylvester Stallone,99555,David Morrell
Jonathan Kaplan,Drama,32069318,Acusados,R,111,7.1,Kelly McGillis,26126,Tom Topor
Martin Scorsese,Drama,7630564,The Last Temptation of Christ,R,164,7.6,Willem Dafoe,42782,Nikos Kazantzakis
John Waters,Comedy,6671108,Hairspray,PG,92,7,Sonny Bono,17169,John Waters
Frank Oz,Comedy,42039085,Dirty Rotten Scoundrels,PG,110,7.3,Steve Martin,54129,Dale Launer
Renny Harlin,Horror,49369899,A Nightmare on Elm Street 4: The Dream Master,R,93,5.7,Robert Englund,39701,Wes Craven
Ramón Menéndez,Drama,13994920,Stand and Deliver,PG,103,7.3,Edward James Olmos,13270,Ramón Menéndez
Howard Deutch,Comedy,41455230,The Great Outdoors,PG,91,6.6,Dan Aykroyd,31340,John Hughes
Zalman King,Drama,1547397,Two Moon Junction,R,104,5,Sherilyn Fenn,4303,Zalman King
Ron Shelton,Comedy,50888729,Bull Durham,R,108,7.1,Kevin Costner,39369,Ron Shelton
Andrew Davis,Action,18869631,Above the Law,R,99,6,Steven Seagal,24061,Andrew Davis
Julien Temple,Comedy,3916303,Earth Girls Are Easy,PG,100,5.2,Geena Davis,17315,Julie Brown
George Scribner,Animation,74151346,Oliver & Company,G,74,6.7,Joey Lawrence,35531,Jim Cox
Buddy Van Horn,Action,37903295,The Dead Pool,R,91,6.3,Clint Eastwood,33312,Harry Julian Fink
James Signorelli,Comedy,5596267,Elvira: Mistress of the Dark,PG-13,96,6.4,Cassandra Peterson,9751,Sam Egan
Richard Donner,Comedy,60328558,Scrooged,PG-13,101,7,Bill Murray,68098,Mitch Glazer
Robert Towne,Crime,41292551,Tequila Sunrise,R,115,6,Mel Gibson,24708,Robert Towne
Roman Polanski,Crime,17637950,Frantic,R,120,6.9,Harrison Ford,41608,Roman Polanski
John Carl Buechler,Horror,19170001,Friday the 13th Part VII: The New Blood,R,88,5.3,Jennifer Banko,23959,Daryl Haney
Greg Beeman,Comedy,22433275,License to Drive,PG-13,88,6.3,Corey Haim,14929,Neil Tolkin
Terry Gilliam,Adventure,8083123,The Adventures of Baron Munchausen,PG,126,7.2,John Neville,43852,Charles McKeown
David Cronenberg,Drama,9134733,Dead Ringers,R,116,7.3,Jeremy Irons,32130,David Cronenberg
Gary Sherman,Horror,14114488,Poltergeist III,PG-13,98,4.6,Heather O'Rourke,14165,Gary Sherman
Tommy Lee Wallace,Comedy,2983784,Fright Night Part 2,R,104,5.9,William Ragsdale,9005,Tom Holland
Keenen Ivory Wayans,Action,13030057,I'm Gonna Git You Sucka,R,88,6.6,Keenen Ivory Wayans,10455,Keenen Ivory Wayans
Bud S. Smith,Comedy,17550399,Johnny Be Good,R,91,4.5,Anthony Michael Hall,5006,Steve Zacharias
William Lustig,Action,671382,Maniac Cop,R,85,6,Tom Atkins,10850,Larry Cohen
Jonathan Demme,Comedy,21486757,Married to the Mob,R,104,6.1,Michelle Pfeiffer,13416,Barry Strugatz
Dennis Hopper,Action,46616067,Colors,R,120,6.7,Sean Penn,20490,Michael Schiffer
Neil Jordan,Comedy,8578231,El Hotel de los Fantasmas,PG-13,99,5.7,Peter O'Toole,6979,Neil Jordan
Sidney Lumet,Crime,2835116,Running on Empty,PG-13,116,7.7,River Phoenix,11312,Naomi Foner
Kevin Tenney,Comedy,3109904,Night of the Demons,R,90,6.3,Cathy Podewell,9897,Joe Augustyn
Stewart Raffill,Adventure,6424112,Mac and Me,PG,95,3.4,Christine Ebersole,8043,Stewart Raffill
Mick Garris,Comedy,3813293,Critters 2,PG-13,86,5.3,Scott Grimes,11122,David Twohy
Richard Benjamin,Comedy,13854000,My Stepmother Is an Alien,PG-13,105,5.2,Dan Aykroyd,22281,Jerico
Ken Wiederhorn,Comedy,9205924,Return of the Living Dead II,R,89,5.8,James Karen,14998,Ken Wiederhorn
Kenneth Johnson,Comedy,21630088,Short Circuit 2,PG,110,5.6,Fisher Stevens,19841,Brent Maddock
Michael Apted,Biography,24720479,Gorillas in the Mist,PG-13,129,7,Sigourney Weaver,20378,Harold T.P. Hayes
Robert Bierman,Comedy,725131,Vampire's Kiss,R,103,5.9,Nicolas Cage,10474,Joseph Minion
William Richert,Comedy,6264058,A Night in the Life of Jimmy Reardon,R,90,5.5,River Phoenix,2177,William Richert
Michael Hoffman,Comedy,401421,Some Girls,R,94,6,Patrick Dempsey,2369,Rupert Walters
Ken Russell,Comedy,1189315,The Lair of the White Worm,R,93,5.9,Amanda Donohoe,7908,Ken Russell
Anthony Hickox,Comedy,808114,Waxwork,R,95,6.2,Zach Galligan,8703,Anthony Hickox
Wes Craven,Fantasy,19595031,The Serpent and the Rainbow,R,98,6.5,Bill Pullman,18528,Wade Davis
Ken Annakin,Family,3569939,Las travesuras de una pelirojja,G,100,5.9,Tami Erin,3474,Astrid Lindgren
John Sayles,Drama,5680515,Eight Men Out,PG,119,7.3,John Cusack,15946,Eliot Asinof
Frank LaLoggia,Fantasy,1705139,Lady in White,PG-13,113,6.7,Lukas Haas,5135,Frank LaLoggia
Pedro Almodóvar,Comedy,7179298,Women on the Verge of a Nervous Breakdown,R,88,7.6,Carmen Maura,27755,Pedro Almodóvar
John Hughes,Comedy,16031707,She's Having a Baby,PG-13,106,5.8,Kevin Bacon,9676,John Hughes
Don Coscarelli,Action,7282851,Phantasm II,R,97,6.5,James Le Gros,10789,Don Coscarelli
James Bridges,Drama,16118077,Luces de una gran ciudad,R,107,5.6,Michael J. Fox,6165,Jay McInerney
Peter Hyams,Action,20036242,The Presidio,R,97,6,Sean Connery,13900,Larry Ferguson
Jim Abrahams,Comedy,40150487,Big Business,PG,97,6.3,Bette Midler,9728,Dori Pierson
George A. Romero,Drama,5344577,Monkey Shines,R,113,6.2,Jason Beghe,8595,Michael Stewart
George Roy Hill,Comedy,25537221,Funny Farm,PG,101,6.1,Chevy Chase,16321,Jay Cronley
Thom Eberhardt,Comedy,8539181,Without a Clue,PG,107,7,Michael Caine,7846,Gary Murphy
Graham Baker,Action,25216243,Alien Nation,R,91,6.3,James Caan,12143,Rockne S. O'Bannon
Ernest Thompson,Drama,5979011,1969,R,95,5.8,Robert Downey Jr.,3154,Ernest Thompson
Robert Englund,Comedy,2955917,976-EVIL,R,92,5.1,Stephen Geoffreys,3769,Brian Helgeland
Craig R. Baxley,Action,20257000,Action Jackson,R,96,5.2,Carl Weathers,8065,Robert Reneau
Robert Redford,Comedy,13825794,The Milagro Beanfield War,R,117,6.9,Rubén Blades,5289,John Nichols
Francis Ford Coppola,Biography,19652638,Tucker: The Man and His Dream,PG,110,6.9,Jeff Bridges,12469,Arnold Schulman
Alan Myerson,Comedy,4239831,Police Academy 5: Assignment: Miami Beach,PG,90,4.4,Bubba Smith,27482,Neal Israel
Spike Lee,Comedy,14545844,School Daze,R,121,5.8,Laurence Fishburne,5042,Spike Lee
Brian Gilbert,Comedy,13664060,Vice Versa,PG,98,5.8,Judge Reinhold,7667,F. Anstey
Steve De Jarnatt,Action,1145404,Miracle Mile,R,87,7,Anthony Edwards,6985,Steve De Jarnatt
Emir Kusturica,Comedy,280015,Time of the Gypsies,R,142,8.3,Davor Dujmovic,19943,Emir Kusturica
Lawrence Kasdan,Drama,32632093,The Accidental Tourist,PG,121,6.8,William Hurt,13051,Anne Tyler
Daniel Petrie,Adventure,18924919,Cocoon: The Return,PG,116,5.3,Don Ameche,12956,David Saperstein
Kevin Reynolds,War,161004,The Beast of War,R,111,7.4,George Dzundza,7675,William Mastrosimone
Martin Donovan,Drama,670774,Apartment Zero,R,124,6.9,Hart Bochner,3259,Martin Donovan
Carl Schultz,Drama,18875011,The Seventh Sign,R,97,5.9,Demi Moore,11102,Clifford Green
Bob Swaim,Drama,15855828,Masquerade,R,100,6,Rob Lowe,2628,Dick Wolf
Woody Allen,Drama,1562749,Another Woman,PG,81,7.4,Gena Rowlands,10826,Woody Allen
Clint Eastwood,Biography,2181286,Bird,R,161,7.2,Forest Whitaker,9685,Joel Oliansky
Peter Greenaway,Comedy,424773,Drowning by Numbers,R,118,7.3,Bernard Hill,6671,Peter Greenaway
Fred Schepisi,Drama,6908797,A Cry in the Dark,PG-13,120,6.9,Meryl Streep,7622,John Bryson
Mike Nichols,Comedy,43184798,Biloxi Blues,PG-13,106,6.6,Matthew Broderick,12590,Neil Simon
Oliver Stone,Drama,3468572,Talk Radio,R,110,7.3,Eric Bogosian,10745,Stephen Singular
Jean-Jacques Annaud,Adventure,31753898,The Bear,PG,96,7.7,Tchéky Karyo,13980,James Oliver Curwood
Geneviève Robert,Comedy,12277096,Casual Sex?,R,97,4.9,Lea Thompson,3279,Wendy Goldman
Allan Arkush,Comedy,11798302,Caddyshack II,PG,98,3.7,Jackie Mason,12956,Brian Doyle-Murray
Ken Kwapis,Adventure,1883811,Vibes,PG,99,5.5,Cyndi Lauper,2850,Deborah Blum
Roger Spottiswoode,Action,29300090,Shoot to Kill,R,110,6.8,Sidney Poitier,9882,Harv Zimmel
John G. Avildsen,Comedy,17514553,For Keeps?,PG-13,90,5.9,Molly Ringwald,3277,Tim Kazurinsky
Yahoo Serious,Comedy,11536599,Young Einstein,PG,91,5.1,Yahoo Serious,7621,David Roach
Martin Campbell,Crime,9974446,Criminal Law,R,117,5.7,Gary Oldman,2928,Mark Kasdan
Joan Freeman,Comedy,8253123,Satisfaction,PG-13,92,4.8,Justine Bateman,2958,Charles Purpura
Costa-Gavras,Drama,25816139,Betrayed,R,127,6.3,Debra Winger,4580,Joe Eszterhas
Glenn Gordon Caron,Drama,8674093,Clean and Sober,R,124,6.7,Michael Keaton,4875,Tod Carroll
Jon Hess,Action,940173,Al borde del terror,R,91,5.3,Corey Haim,3376,Dean R. Koontz
Joseph Zito,Action,4192440,Escorpion rojo,R,105,5,Dolph Lundgren,6925,Robert Abramoff
Annabel Jankel,Mystery,12706478,D.O.A.,R,96,6.1,Dennis Quaid,8364,Charles Edward Pogue
Michael Winner,Crime,960040,Appointment with Death,PG,100,6.2,Peter Ustinov,2554,Agatha Christie
Mira Nair,Crime,2080046,Salaam Bombay!,NOT RATED,113,8,Shafiq Syed,7139,Hriday Lani
Peter Markle,Drama,3966256,Bat*21,R,105,6.4,Gene Hackman,6651,William C. Anderson
Geoff Burrowes,Adventure,13687027,Return to Snowy River,PG,110,6.6,Tom Burlinson,1943,Geoff Burrowes
Paul Golding,Horror,40397,Pulse,PG-13,95,5.5,Cliff De Young,1781,Paul Golding
Steven Kampmann,Drama,7467504,Stealing Home,PG-13,98,6.8,Mark Harmon,3633,Steven Kampmann
Alan Metter,Comedy,10815378,Moving,R,89,6.1,Richard Pryor,4139,Andy Breckman
Paul Flaherty,Comedy,2567099,18 Again!,PG,93,5.7,Charlie Schlatter,3573,Josh Goldstein
David Anspaugh,Drama,6640346,Fresh Horses,PG-13,105,5,Molly Ringwald,1439,Larry Ketron
Paul Bogart,Comedy,4865997,Torch Song Trilogy,R,120,7.7,Anne Bancroft,5834,Harvey Fierstein
Mark Goldblatt,Action,3588626,Dead Heat,R,86,6,Treat Williams,5127,Terry Black
Jim Wynorski,Comedy,107352,Not of This Earth,R,81,4.5,Traci Lords,1724,R.J. Robertson
Richard Benjamin,Drama,1733070,Little Nikita,PG,98,6,Sidney Poitier,4132,John Hill
David Seltzer,Comedy,21032267,Punchline,R,128,5.8,Sally Field,6938,David Seltzer
Ferdinand Fairfax,Action,5855392,The Rescue,PG,100,5.4,Kevin Dillon,920,Jim Thomas
Aaron Norris,Action,6193901,Braddock: Missing in Action III,R,101,4.7,Chuck Norris,4679,Steve Bing
Sidney J. Furie,Action,10497324,Iron Eagle II,PG,100,3.6,Louis Gossett Jr.,4195,Kevin Alyn Elders
Bruno Nuytten,Biography,201055,Camille Claudel,R,158,7.3,Isabelle Adjani,5243,Reine-Marie Paris
Randal Kleiser,Adventure,15122324,Big Top Pee-wee,PG,86,4.9,Paul Reubens,7756,Paul Reubens
Mike Figgis,Crime,1791328,Stormy Monday,R,93,6.3,Melanie Griffith,2958,Mike Figgis
Keith Gordon,Drama,303624,The Chocolate War,R,100,6.9,John Glover,1784,Robert Cormier
Kar-Wai Wong,Crime,8440,As Tears Go By,Not specified,102,7.1,Andy Lau,6485,Jeffrey Lau
Janet Greek,Drama,1938049,Spellbinder,R,99,5.8,Tim Daly,1633,Tracy Tormé
Harold Becker,Drama,784990,The Boost,R,95,6.1,James Woods,1629,Ben Stein
Paul Mazursky,Comedy,11444204,Moon Over Parador,PG-13,103,5.9,Richard Dreyfuss,4778,Charles G. Booth
John R. Cherry III,Comedy,28202109,Ernest Saves Christmas,PG,95,5.6,Jim Varney,8513,Ed Turner
Chris Menges,Drama,2326900,A World Apart,PG,100,7.1,Barbara Hershey,1234,Shawn Slovo
James B. Harris,Crime,1884315,Cop,R,110,6.4,James Woods,3419,James Ellroy
David Green,Comedy,540000,Buster,R,91,5.8,Phil Collins,2767,Colin Shindler
Joan Micklin Silver,Comedy,16262415,Crossing Delancey,PG,97,6.9,Amy Irving,2935,Susan Sandler
Bernard Rose,Drama,241278,Paperhouse,PG-13,92,6.8,Charlotte Burke,4568,Catherine Storr
Robert Mulligan,Drama,5194491,Clara's Heart,PG-13,100,6.3,Whoopi Goldberg,1821,Joseph Olshan
Pablo Larraín,Biography,938875,Neruda,R,107,7,Gael García Bernal,5680,Guillermo Calderón
Bank Tangjaitrong,Adventure,13557,Till We Meet Again,NOT RATED,105,6.9,John Matton,1248,John Matton
Bruce Beresford,Comedy,685143,Mr. Church,PG-13,104,7.7,Eddie Murphy,18249,Susan McMartin
Deon Taylor,Comedy,9093856,Meet the Blacks,R,94,6,Mike Epps,18980,Nicole DeMasi
Justin Kelly,Crime,28505,King Cobra,NOT RATED,91,5.6,Garrett Clayton,4894,Justin Kelly
D.J. Caruso,Drama,2411580,The Disappointments Room,R,85,3.9,Kate Beckinsale,6287,Wentworth Miller
Mick Jackson,Biography,4072226,Denial,PG-13,109,6.6,Rachel Weisz,10848,David Hare
James Watkins,Action,39000,The Take,R,92,6.3,Idris Elba,23717,Andrew Baldwin
Kirk Jones,Comedy,59573085,My Big Fat Greek Wedding 2,PG-13,94,6,Nia Vardalos,22142,Nia Vardalos
David E. Talbert,Comedy,41715860,Almost Christmas,PG-13,111,6,Kimberly Elise,3366,David E. Talbert
Johannes Roberts,Horror,2987063,The Other Side of the Door,R,96,5.3,Sarah Wayne Callies,13615,Johannes Roberts
François Ozon,Drama,880474,Frantz,PG-13,113,7.5,Pierre Niney,6634,François Ozon
Brad Peyton,Horror,4790573,Incarnate,PG-13,91,5.2,Aaron Eckhart,7778,Ronnie Christensen
Takeshi Nozue,Animation,233569,Kingsglaive: Final Fantasy XV,PG-13,110,6.9,Aaron Paul,15705,Takashi Hasegawa
Joshua Marston,Drama,166827,Complete Unknown,R,91,5.4,Erin Darke,3864,Joshua Marston
James Schamus,Drama,3399841,Indignation,R,110,6.8,Logan Lerman,8479,Philip Roth
Greg McLean,Horror,10732841,The Darkness,PG-13,92,4.4,Kevin Bacon,9450,Greg McLean
Whit Stillman,Comedy,14013564,Love & Friendship,PG,90,6.5,Kate Beckinsale,17862,Whit Stillman
John Krasinski,Comedy,1016872,The Hollars,PG-13,88,6.5,Sharlto Copley,7227,Jim Strouse
Susanna White,Crime,3152725,Our Kind of Traitor,R,108,6.2,Carlos Acosta,13857,John le Carré
Steve Carr,Animation,19985196,Middle School: The Worst Years of My Life,PG,92,6.1,Griffin Gluck,4556,Chris Bowman
Andrew Neel,Drama,23020,Goat,R,96,5.7,Ben Schnetzer,4439,David Gordon Green
Anna Biller,Comedy,228894,The Love Witch,UNRATED,120,6.2,Samantha Robinson,6054,Anna Biller
Kevin Reynolds,Action,36874745,Risen,PG-13,107,6.3,Joseph Fiennes,19084,Kevin Reynolds
Mandie Fletcher,Comedy,4750497,Absolutely Fabulous: The Movie,R,91,5.4,Jennifer Saunders,9161,Jennifer Saunders
Paul Duddridge,Drama,28368,Mothers and Daughters,PG-13,90,4.9,Selma Blair,1959,Paige Cameron
Sam Liu,Animation,3775000,Batman: The Killing Joke,R,76,6.5,Kevin Conroy,36333,Brian Azzarello
Nicolas Pesce,Drama,25981,The Eyes of My Mother,R,76,6.2,Kika Magalhães,6947,Nicolas Pesce
Nicole Garcia,Drama,37757,From the Land of the Moon,R,120,6.7,Marion Cotillard,2411,Milena Agus